Ref_Loc	SNP	Ref_Base	Purged_Uncovered	Purged_Alignment	Purged_N	Purged_Indel	Purged_Het	Purged_Density
ERR2693858_10_93.2478/108777	1	13	0	0	0	0	0	0
ERR2693858_10_93.2478/123349	1	13	0	0	0	0	0	0
ERR2693858_10_93.2478/131450	2	12	0	0	0	0	0	0
ERR2693858_10_93.2478/142404	3	11	0	0	0	0	0	0
ERR2693858_10_93.2478/155803	1	13	0	0	0	0	0	0
ERR2693858_10_93.2478/170892	1	13	0	0	0	0	0	0
ERR2693858_10_93.2478/245667	1	13	0	0	0	0	0	0
ERR2693858_10_93.2478/254891	3	11	0	0	0	0	0	0
ERR2693858_10_93.2478/25812	2	12	0	0	0	0	0	0
ERR2693858_10_93.2478/270334	1	13	0	0	0	0	0	0
ERR2693858_10_93.2478/287047	2	12	0	0	0	0	0	0
ERR2693858_10_93.2478/297318	2	12	0	0	0	0	0	0
ERR2693858_10_93.2478/301238	13	1	0	0	0	0	0	0
ERR2693858_10_93.2478/314135	1	13	0	0	0	0	0	0
ERR2693858_10_93.2478/317867	1	13	0	0	0	0	0	0
ERR2693858_10_93.2478/321090	2	12	0	0	0	0	0	0
ERR2693858_10_93.2478/358233	1	13	0	0	0	0	0	0
ERR2693858_10_93.2478/388735	1	13	0	0	0	0	0	0
ERR2693858_10_93.2478/397188	2	12	0	0	0	0	0	0
ERR2693858_10_93.2478/75630	2	12	0	0	0	0	0	0
ERR2693858_10_93.2478/9278	2	12	0	0	0	0	0	0
ERR2693858_11_107.869/130741	1	13	0	0	0	0	0	0
ERR2693858_11_107.869/164237	2	12	0	0	0	0	0	0
ERR2693858_11_107.869/181681	2	12	0	0	0	0	0	0
ERR2693858_11_107.869/190705	1	13	0	0	0	0	0	0
ERR2693858_11_107.869/253257	2	12	0	0	0	0	0	0
ERR2693858_11_107.869/255492	2	12	0	0	0	0	0	0
ERR2693858_11_107.869/267939	1	13	0	0	0	0	0	0
ERR2693858_11_107.869/307308	2	12	0	0	0	0	0	0
ERR2693858_11_107.869/322317	1	13	0	0	0	0	0	0
ERR2693858_11_107.869/330461	1	13	0	0	0	0	0	0
ERR2693858_11_107.869/4734	1	13	0	0	0	0	0	0
ERR2693858_11_107.869/7820	1	13	0	0	0	0	0	0
ERR2693858_11_107.869/83013	2	12	0	0	0	0	0	0
ERR2693858_13_99.5985/116706	1	13	0	0	0	0	0	0
ERR2693858_13_99.5985/125040	1	13	0	0	0	0	0	0
ERR2693858_13_99.5985/133523	2	12	0	0	0	0	0	0
ERR2693858_13_99.5985/146140	1	13	0	0	0	0	0	0
ERR2693858_13_99.5985/163438	13	1	0	0	0	0	0	0
ERR2693858_13_99.5985/17251	4	10	0	0	0	0	0	0
ERR2693858_13_99.5985/183133	1	13	0	0	0	0	0	0
ERR2693858_13_99.5985/229865	2	12	0	0	0	0	0	0
ERR2693858_13_99.5985/49980	2	12	0	0	0	0	0	0
ERR2693858_13_99.5985/58317	1	13	0	0	0	0	0	0
ERR2693858_13_99.5985/59220	2	12	0	0	0	0	0	0
ERR2693858_13_99.5985/60528	1	13	0	0	0	0	0	0
ERR2693858_19_106.833/32136	1	13	0	0	0	0	0	0
ERR2693858_19_106.833/33514	1	13	0	0	0	0	0	0
ERR2693858_19_106.833/71413	2	12	0	0	0	0	0	0
ERR2693858_19_106.833/9660	11	3	0	0	0	0	0	0
ERR2693858_1_106.091/59207	2	12	0	0	0	0	0	0
ERR2693858_24_95.5551/121811	2	12	0	0	0	0	0	0
ERR2693858_24_95.5551/128124	1	13	0	0	0	0	0	0
ERR2693858_24_95.5551/14921	1	13	0	0	0	0	0	0
ERR2693858_24_95.5551/36960	2	12	0	0	0	0	0	0
ERR2693858_2_104.271/21554	1	13	0	0	0	0	0	0
ERR2693858_2_104.271/49536	1	13	0	0	0	0	0	0
ERR2693858_2_104.271/87998	14	0	0	0	0	0	0	0
ERR2693858_32_108.491/24620	1	13	0	0	0	0	0	0
ERR2693858_32_108.491/41677	1	13	0	0	0	0	0	0
ERR2693858_33_105.236/9643	1	13	0	0	0	0	0	0
ERR2693858_35_110.521/2371	1	13	0	0	0	0	0	0
ERR2693858_35_110.521/3351	3	7	4	0	0	0	0	0
ERR2693858_36_101.441/119085	1	13	0	0	0	0	0	0
ERR2693858_36_101.441/124264	1	13	0	0	0	0	0	0
ERR2693858_36_101.441/173208	1	13	0	0	0	0	0	0
ERR2693858_36_101.441/176019	1	13	0	0	0	0	0	0
ERR2693858_36_101.441/259769	2	12	0	0	0	0	0	0
ERR2693858_36_101.441/93615	1	13	0	0	0	0	0	0
ERR2693858_36_101.441/98216	1	13	0	0	0	0	0	0
ERR2693858_37_97.4134/107429	1	13	0	0	0	0	0	0
ERR2693858_37_97.4134/122830	1	13	0	0	0	0	0	0
ERR2693858_37_97.4134/127267	2	10	2	0	0	0	0	0
ERR2693858_37_97.4134/159841	2	12	0	0	0	0	0	0
ERR2693858_37_97.4134/162357	1	13	0	0	0	0	0	0
ERR2693858_37_97.4134/168657	2	12	0	0	0	0	0	0
ERR2693858_37_97.4134/175934	1	13	0	0	0	0	0	0
ERR2693858_37_97.4134/176021	1	13	0	0	0	0	0	0
ERR2693858_37_97.4134/185696	1	13	0	0	0	0	0	0
ERR2693858_37_97.4134/212728	2	12	0	0	0	0	0	0
ERR2693858_37_97.4134/221954	1	13	0	0	0	0	0	0
ERR2693858_37_97.4134/3686	1	13	0	0	0	0	0	0
ERR2693858_37_97.4134/60924	1	13	0	0	0	0	0	0
ERR2693858_37_97.4134/76696	1	13	0	0	0	0	0	0
ERR2693858_39_104.002/130816	1	13	0	0	0	0	0	0
ERR2693858_39_104.002/182492	1	13	0	0	0	0	0	0
ERR2693858_39_104.002/26370	1	13	0	0	0	0	0	0
ERR2693858_39_104.002/43091	1	13	0	0	0	0	0	0
ERR2693858_39_104.002/49765	1	13	0	0	0	0	0	0
ERR2693858_3_103.543/41131	1	13	0	0	0	0	0	0
ERR2693858_3_103.543/52946	2	12	0	0	0	0	0	0
ERR2693858_3_103.543/88585	1	13	0	0	0	0	0	0
ERR2693858_40_107.678/12719	1	13	0	0	0	0	0	0
ERR2693858_40_107.678/131019	1	13	0	0	0	0	0	0
ERR2693858_40_107.678/174628	1	13	0	0	0	0	0	0
ERR2693858_40_107.678/177634	1	13	0	0	0	0	0	0
ERR2693858_40_107.678/178245	2	12	0	0	0	0	0	0
ERR2693858_40_107.678/183811	2	12	0	0	0	0	0	0
ERR2693858_40_107.678/191687	2	12	0	0	0	0	0	0
ERR2693858_40_107.678/203737	1	13	0	0	0	0	0	0
ERR2693858_40_107.678/219899	2	12	0	0	0	0	0	0
ERR2693858_40_107.678/264402	2	12	0	0	0	0	0	0
ERR2693858_40_107.678/594	2	11	1	0	0	0	0	0
ERR2693858_40_107.678/73638	1	13	0	0	0	0	0	0
ERR2693858_40_107.678/85426	1	13	0	0	0	0	0	0
ERR2693858_40_107.678/94558	1	13	0	0	0	0	0	0
ERR2693858_41_98.8188/110525	2	12	0	0	0	0	0	0
ERR2693858_41_98.8188/142147	1	13	0	0	0	0	0	0
ERR2693858_41_98.8188/144222	1	13	0	0	0	0	0	0
ERR2693858_41_98.8188/45452	1	13	0	0	0	0	0	0
ERR2693858_43_107.381/57397	1	13	0	0	0	0	0	0
ERR2693858_43_107.381/73695	2	12	0	0	0	0	0	0
ERR2693858_43_107.381/77961	2	12	0	0	0	0	0	0
ERR2693858_43_107.381/78509	1	13	0	0	0	0	0	0
ERR2693858_44_103.848/117757	1	13	0	0	0	0	0	0
ERR2693858_44_103.848/125628	1	13	0	0	0	0	0	0
ERR2693858_44_103.848/12928	1	13	0	0	0	0	0	0
ERR2693858_44_103.848/130449	1	13	0	0	0	0	0	0
ERR2693858_44_103.848/180673	1	13	0	0	0	0	0	0
ERR2693858_44_103.848/215967	1	13	0	0	0	0	0	0
ERR2693858_44_103.848/255204	1	13	0	0	0	0	0	0
ERR2693858_44_103.848/27298	2	12	0	0	0	0	0	0
ERR2693858_44_103.848/280003	1	13	0	0	0	0	0	0
ERR2693858_44_103.848/59594	1	13	0	0	0	0	0	0
ERR2693858_44_103.848/69017	2	12	0	0	0	0	0	0
ERR2693858_44_103.848/84743	2	12	0	0	0	0	0	0
ERR2693858_44_103.848/95945	1	13	0	0	0	0	0	0
ERR2693858_45_104.065/1914	2	12	0	0	0	0	0	0
ERR2693858_46_99.7816/15846	1	13	0	0	0	0	0	0
ERR2693858_46_99.7816/9627	1	13	0	0	0	0	0	0
ERR2693858_4_98.115/10209	1	13	0	0	0	0	0	0
ERR2693858_4_98.115/10247	1	13	0	0	0	0	0	0
ERR2693858_4_98.115/111146	1	13	0	0	0	0	0	0
ERR2693858_4_98.115/120541	1	13	0	0	0	0	0	0
ERR2693858_4_98.115/128408	1	13	0	0	0	0	0	0
ERR2693858_4_98.115/134887	2	12	0	0	0	0	0	0
ERR2693858_4_98.115/143639	1	13	0	0	0	0	0	0
ERR2693858_4_98.115/158802	2	12	0	0	0	0	0	0
ERR2693858_4_98.115/207253	2	12	0	0	0	0	0	0
ERR2693858_4_98.115/219192	1	13	0	0	0	0	0	0
ERR2693858_4_98.115/237742	1	13	0	0	0	0	0	0
ERR2693858_4_98.115/243153	2	12	0	0	0	0	0	0
ERR2693858_4_98.115/268883	1	13	0	0	0	0	0	0
ERR2693858_4_98.115/281158	2	12	0	0	0	0	0	0
ERR2693858_4_98.115/289538	1	13	0	0	0	0	0	0
ERR2693858_4_98.115/301931	1	13	0	0	0	0	0	0
ERR2693858_4_98.115/331606	1	13	0	0	0	0	0	0
ERR2693858_50_96.4567/60484	1	13	0	0	0	0	0	0
ERR2693858_5_129.893/727	1	13	0	0	0	0	0	0
ERR2693858_6_105.416/10438	2	12	0	0	0	0	0	0
ERR2693858_6_105.416/48920	1	13	0	0	0	0	0	0
ERR2693858_6_105.416/49127	1	13	0	0	0	0	0	0
ERR2693858_6_105.416/49154	2	12	0	0	0	0	0	0
ERR2693858_7_94.5763/25834	2	12	0	0	0	0	0	0
ERR2693858_7_94.5763/35057	1	13	0	0	0	0	0	0
ERR2693858_7_94.5763/49892	1	13	0	0	0	0	0	0
ERR2693858_7_94.5763/51368	1	13	0	0	0	0	0	0
ERR2693858_7_94.5763/74746	1	13	0	0	0	0	0	0
ERR2693858_7_94.5763/75484	2	12	0	0	0	0	0	0
ERR2693858_9_98.7329/19708	1	13	0	0	0	0	0	0
ERR2693858_9_98.7329/27257	1	12	1	0	0	0	0	0
ERR2693858_9_98.7329/34894	1	13	0	0	0	0	0	0
ERR2693858_9_98.7329/54498	14	0	0	0	0	0	0	0
