Ref_Contig	Start_Ref	Ref_Pos	Query_Contig	Start_Query	Query_Pos	Ref_Loc	Query_Loc	Ref_Start	Ref_End	Query_Start	Query_End	Ref_Base	Query_Base	Dist_to_Ref_End	Dist_to_Query_End	Ref_Aligned	Query_Aligned	Perc_Iden	Cat
ERR2693858_10_93.2478	187756	187757	Contig_235_0.270128	3331	3332	ERR2693858_10_93.2478/187757	Contig_235_0.270128/3332	184424	189761	0	5336	G	.	187757	2004	5337	5336	99.98	Purged_Indel
ERR2693858_10_93.2478	301237	301238	Contig_767_0.456403	7749	7750	ERR2693858_10_93.2478/301238	Contig_767_0.456403/7750	295801	308987	0	13186	G	A	99228	5436	13186	13186	99.99	SNP
ERR2693858_11_107.869	130740	130741	Contig_634_3.2778	4750	4751	ERR2693858_11_107.869/130741	Contig_634_3.2778/4751	125990	139293	0	13303	A	G	130741	4751	13303	13303	99.99	SNP
ERR2693858_11_107.869	330460	330461	Contig_288_2.33884	3232	3233	ERR2693858_11_107.869/330461	Contig_288_2.33884/3233	327228	337598	0	10370	G	T	22693	3233	10370	10370	99.99	SNP
ERR2693858_13_99.5985	163437	163438	Contig_549_0.564588	535	536	ERR2693858_13_99.5985/163438	Contig_549_0.564588/536	162902	167412	0	4510	T	C	67776	536	4510	4510	99.98	SNP
ERR2693858_13_99.5985	183132	183133	Contig_79_2.66945	3909	3910	ERR2693858_13_99.5985/183133	Contig_79_2.66945/3910	179223	184038	0	4815	C	T	48081	905	4815	4815	99.98	SNP
ERR2693858_24_95.5551	93624	93625	Contig_83_2.87561	49	50	ERR2693858_24_95.5551/93625	Contig_83_2.87561/50	93035	93674	0	639	A	C	43171	50	639	639	99.84	Filtered_Query_Edge
ERR2693858_2_104.271	21553	21554	Contig_644_2.34964	21372	21373	ERR2693858_2_104.271/21554	Contig_644_2.34964/21373	181	31096	0	30915	G	A	21554	9542	30915	30915	99.99	SNP
ERR2693858_2_104.271	87997	87998	Contig_676_2.64669	9225	9226	ERR2693858_2_104.271/87998	Contig_676_2.64669/9226	87523	97223	0	9700	G	A	9227	474	9700	9700	99.99	SNP
ERR2693858_32_108.491	24619	24620	Contig_441_2.12773	7827	7828	ERR2693858_32_108.491/24620	Contig_441_2.12773/7828	22304	32447	0	10143	A	T	24620	2315	10143	10143	99.99	SNP
ERR2693858_32_108.491	41676	41677	Contig_786_1.71843	9110	9111	ERR2693858_32_108.491/41677	Contig_786_1.71843/9111	32566	50219	0	17653	C	T	41677	8542	17653	17653	99.99	SNP
ERR2693858_36_101.441	124263	124264	Contig_402_3.86734	1856	1857	ERR2693858_36_101.441/124264	Contig_402_3.86734/1857	122407	125495	0	3088	T	C	124264	1231	3088	3088	99.97	SNP
ERR2693858_36_101.441	93614	93615	Contig_447_1.99488	1136	1137	ERR2693858_36_101.441/93615	Contig_447_1.99488/1137	92974	94751	0	1777	G	A	93615	640	1777	1777	99.94	SNP
ERR2693858_37_97.4134	122829	122830	Contig_254_0.620364	10850	10851	ERR2693858_37_97.4134/122830	Contig_254_0.620364/10851	111979	134971	0	22992	C	T	122830	10851	22992	22992	99.99	SNP
ERR2693858_39_104.002	43090	43091	Contig_145_2.94703	10765	10766	ERR2693858_39_104.002/43091	Contig_145_2.94703/10766	29256	53856	0	24600	G	A	43091	10766	24600	24600	99.99	SNP
ERR2693858_39_104.002	49764	49765	Contig_145_2.94703	4091	4092	ERR2693858_39_104.002/49765	Contig_145_2.94703/4092	29256	53856	0	24600	C	T	49765	4092	24600	24600	99.99	SNP
ERR2693858_40_107.678	12718	12719	Contig_9_0.614522	5491	5492	ERR2693858_40_107.678/12719	Contig_9_0.614522/5492	7227	42309	0	35083	C	T	12719	5492	35082	35083	99.99	SNP
ERR2693858_40_107.678	177633	177634	Contig_297_0.825816	1394	1395	ERR2693858_40_107.678/177634	Contig_297_0.825816/1395	176239	183952	0	7713	T	C	117109	1395	7713	7713	99.99	SNP
ERR2693858_40_107.678	25104	25105	Contig_9_0.614522	17878	17879	ERR2693858_40_107.678/25105	Contig_9_0.614522/17879	7227	42309	0	35083	.	A	25105	17204	35082	35083	99.99	Purged_Indel
ERR2693858_41_98.8188	142146	142147	Contig_736_1.65922	5281	5282	ERR2693858_41_98.8188/142147	Contig_736_1.65922/5282	136865	143511	0	6646	A	C	12740	1364	6646	6646	99.98	SNP
ERR2693858_41_98.8188	144221	144222	Contig_714_0.502209	3676	3677	ERR2693858_41_98.8188/144222	Contig_714_0.502209/3677	143577	147898	0	4321	C	T	10665	644	4321	4321	99.98	SNP
ERR2693858_43_107.381	57396	57397	Contig_631_1.00503	27374	27375	ERR2693858_43_107.381/57397	Contig_631_1.00503/27375	30022	60262	0	30240	A	G	57397	2865	30240	30240	99.99	SNP
ERR2693858_43_107.381	78508	78509	Contig_430_0.925846	2945	2946	ERR2693858_43_107.381/78509	Contig_430_0.925846/2946	61543	81454	0	19911	G	A	37628	2946	19911	19911	99.99	SNP
ERR2693858_44_103.848	95944	95945	Contig_579_0.895629	25123	25124	ERR2693858_44_103.848/95945	Contig_579_0.895629/25124	70821	108361	0	37540	A	T	95945	12416	37540	37540	99.99	SNP
ERR2693858_4_98.115	10208	10209	Contig_253_1.1875	1226	1227	ERR2693858_4_98.115/10209	Contig_253_1.1875/1227	8982	11626	0	2644	T	G	10209	1227	2644	2644	99.96	SNP
ERR2693858_50_96.4567	126963	126964	Contig_271_0.789967	5766	5767	ERR2693858_50_96.4567/126964	Contig_271_0.789967/5767	126730	132730	0	6000	C	T	17383	233	6000	6000	99.98	SNP
ERR2693858_5_129.893	726	727	Contig_606_17.0196	955	956	ERR2693858_5_129.893/727	Contig_606_17.0196/956	130	1682	0	1552	G	A	727	596	1552	1552	99.94	SNP
ERR2693858_6_105.416	48919	48920	Contig_675_0.873702	9273	9274	ERR2693858_6_105.416/48920	Contig_675_0.873702/9274	47674	58193	0	10519	C	T	9283	1245	10519	10519	99.99	SNP
ERR2693858_7_94.5763	35056	35057	Contig_228_2.12125	3476	3477	ERR2693858_7_94.5763/35057	Contig_228_2.12125/3477	31580	45315	0	13735	G	A	35057	3477	13735	13735	99.99	SNP
ERR2693858_7_94.5763	49891	49892	Contig_464_0.684247	3250	3251	ERR2693858_7_94.5763/49892	Contig_464_0.684247/3251	46641	62474	0	15833	T	G	30276	3251	15833	15833	99.99	SNP
ERR2693858_7_94.5763	70540	70541	Contig_651_2.05862	4346	4347	ERR2693858_7_94.5763/70541	Contig_651_2.05862/4347	64684	74881	0	10204	.	T	9627	4347	10197	10204	99.93	Purged_Indel
ERR2693858_7_94.5763	70540	70541	Contig_651_2.05862	4340	4341	ERR2693858_7_94.5763/70541	Contig_651_2.05862/4341	64684	74881	0	10204	.	A	9627	4341	10197	10204	99.93	Purged_Indel
ERR2693858_7_94.5763	70540	70541	Contig_651_2.05862	4341	4342	ERR2693858_7_94.5763/70541	Contig_651_2.05862/4342	64684	74881	0	10204	.	C	9627	4342	10197	10204	99.93	Purged_Indel
ERR2693858_7_94.5763	70540	70541	Contig_651_2.05862	4342	4343	ERR2693858_7_94.5763/70541	Contig_651_2.05862/4343	64684	74881	0	10204	.	A	9627	4343	10197	10204	99.93	Purged_Indel
ERR2693858_7_94.5763	70540	70541	Contig_651_2.05862	4343	4344	ERR2693858_7_94.5763/70541	Contig_651_2.05862/4344	64684	74881	0	10204	.	A	9627	4344	10197	10204	99.93	Purged_Indel
ERR2693858_7_94.5763	70540	70541	Contig_651_2.05862	4344	4345	ERR2693858_7_94.5763/70541	Contig_651_2.05862/4345	64684	74881	0	10204	.	C	9627	4345	10197	10204	99.93	Purged_Indel
ERR2693858_7_94.5763	70540	70541	Contig_651_2.05862	4345	4346	ERR2693858_7_94.5763/70541	Contig_651_2.05862/4346	64684	74881	0	10204	.	A	9627	4346	10197	10204	99.93	Purged_Indel
ERR2693858_9_98.7329	54497	54498	Contig_136_1.27196	5880	5881	ERR2693858_9_98.7329/54498	Contig_136_1.27196/5881	52581	60378	0	7797	T	C	15191	1916	7797	7797	99.99	SNP
